TARGET_CLASS,configuration_id,criterion,ctg_min_time_per_job,ctg_schedule,search_budget,p_object_pool,ctg_time_per_class,Size,Length,Total_Time,Random_Seed,LineCoverage,LineCoverageBitString,BranchCoverage,BranchCoverageBitString,ExceptionCoverage,ExceptionCoverageBitString,Explicit_MethodExceptions,Explicit_TypeExceptions,Implicit_MethodExceptions,Implicit_TypeExceptions,WeakMutationScore,WeakMutationCoverageBitString,OutputCoverage,OutputCoverageBitString,MethodCoverage,MethodCoverageBitString,MethodNoExceptionCoverage,MethodNoExceptionCoverageBitString,CBranchCoverage,CBranchCoverageBitString
com.repoMiner.TestsModificator,default,LINE;BRANCH;EXCEPTION;WEAKMUTATION;OUTPUT;METHOD;METHODNOEXCEPTION;CBRANCH,1,BUDGET,95,0.3,2,4,13,103314,1561576227125,0.05202312138728324,11111100000000000000000000000000000000000000000000000000000000000000000000000000000000000000000000000000000000111000000000000000000000000000000000000000000000000000000000000,0.0,000000000000000000000000000000000000000000000000000000000000000000000,1.0,1111,0,0,1,1,0.007874015748031496,0000000000000000000000000000000100000000000000000000000000000000000000000000000000000000000000000000000000000000000000000000000,1.0,,0.14285714285714285,1000000,0.0,0000000,0.0,000000000000000000000000000000000000000000000000000000000000000000000
